-- phpMyAdmin SQL Dump
-- version 4.8.5
-- https://www.phpmyadmin.net/
--
-- Host: 127.0.0.1
-- Waktu pembuatan: 31 Agu 2023 pada 00.04
-- Versi server: 10.1.38-MariaDB
-- Versi PHP: 7.3.2

SET SQL_MODE = "NO_AUTO_VALUE_ON_ZERO";
SET AUTOCOMMIT = 0;
START TRANSACTION;
SET time_zone = "+00:00";


/*!40101 SET @OLD_CHARACTER_SET_CLIENT=@@CHARACTER_SET_CLIENT */;
/*!40101 SET @OLD_CHARACTER_SET_RESULTS=@@CHARACTER_SET_RESULTS */;
/*!40101 SET @OLD_COLLATION_CONNECTION=@@COLLATION_CONNECTION */;
/*!40101 SET NAMES utf8mb4 */;

--
-- Database: `db_produksi`
--
CREATE DATABASE IF NOT EXISTS `db_produksi` DEFAULT CHARACTER SET utf8mb4 COLLATE utf8mb4_general_ci;
USE `db_produksi`;

-- --------------------------------------------------------

--
-- Struktur dari tabel `tb_batch`
--

CREATE TABLE `tb_batch` (
  `id_batch` int(11) NOT NULL,
  `nm_batch` varchar(255) NOT NULL,
  `id_shift` int(11) NOT NULL,
  `nik` int(16) NOT NULL,
  `id_product` varchar(16) NOT NULL,
  `tgl_cetak` datetime NOT NULL DEFAULT CURRENT_TIMESTAMP,
  `is_post` int(11) NOT NULL DEFAULT '0'
) ENGINE=InnoDB DEFAULT CHARSET=utf8mb4;

--
-- Dumping data untuk tabel `tb_batch`
--

INSERT INTO `tb_batch` (`id_batch`, `nm_batch`, `id_shift`, `nik`, `id_product`, `tgl_cetak`, `is_post`) VALUES
(49, 'K00000013', 5, 202211224, '2001000225', '2023-08-28 15:48:43', 2),
(50, 'K00000014', 5, 202211224, '2001000225', '2023-08-28 15:48:43', 2),
(51, 'K00000015', 5, 202211224, '2001000225', '2023-08-28 15:48:43', 2),
(52, 'K00000016', 5, 202211224, '2001000225', '2023-08-28 15:48:43', 2),
(53, 'K00000017', 5, 202211224, '2001000225', '2023-08-28 15:48:43', 2),
(54, 'K00000018', 5, 202211224, '2001000225', '2023-08-28 15:48:43', 2),
(55, 'K00000019', 5, 202211224, '2001000225', '2023-08-28 15:49:34', 2),
(56, 'K00000020', 5, 202211224, '2001000225', '2023-08-28 15:49:34', 2),
(57, 'K00000021', 5, 202211224, '2001000225', '2023-08-28 15:49:34', 2),
(58, 'K00000022', 5, 202211224, '2001000225', '2023-08-28 15:49:34', 2),
(59, 'K00000023', 5, 202211224, '2001000225', '2023-08-28 15:49:34', 2),
(60, 'K00000024', 5, 202211224, '2001000225', '2023-08-28 15:49:35', 2),
(61, 'K00000025', 5, 202211224, '2001000225', '2023-08-28 15:53:08', 2),
(62, 'K00000026', 5, 202211224, '2001000225', '2023-08-28 15:53:08', 2),
(63, 'K00000027', 5, 202211224, '2001000225', '2023-08-28 15:53:08', 2),
(64, 'K00000028', 5, 202211224, '2001000225', '2023-08-28 15:53:08', 2),
(65, 'K00000029', 5, 202211224, '2001000225', '2023-08-28 15:53:09', 2),
(66, 'K00000030', 5, 202211224, '2001000225', '2023-08-28 15:53:09', 2),
(67, 'K00000031', 5, 202211224, '2001000225', '2023-08-28 15:54:46', 2),
(68, 'K00000032', 5, 202211224, '2001000225', '2023-08-28 15:54:46', 2),
(69, 'K00000033', 5, 202211224, '2001000225', '2023-08-28 15:54:46', 2),
(70, 'K00000034', 5, 202211224, '2001000225', '2023-08-28 15:54:46', 2),
(71, 'K00000035', 5, 202211224, '2001000225', '2023-08-28 15:54:46', 2),
(72, 'K00000036', 5, 202211224, '2001000225', '2023-08-28 15:54:46', 2),
(73, 'K00000037', 5, 202211224, '2001000225', '2023-08-28 15:54:51', 2),
(74, 'K00000038', 5, 202211224, '2001000225', '2023-08-28 15:54:51', 2),
(75, 'K00000039', 5, 202211224, '2001000225', '2023-08-28 15:54:51', 2),
(76, 'K00000040', 5, 202211224, '2001000225', '2023-08-28 15:54:51', 2),
(77, 'K00000041', 5, 202211224, '2001000225', '2023-08-28 15:54:51', 2),
(78, 'K00000042', 5, 202211224, '2001000225', '2023-08-28 15:54:51', 2),
(79, 'K00000043', 5, 202211224, '2001000225', '2023-08-28 15:54:54', 2),
(80, 'K00000044', 5, 202211224, '2001000225', '2023-08-28 15:54:54', 2),
(81, 'K00000045', 5, 202211224, '2001000225', '2023-08-28 15:54:54', 2),
(82, 'K00000046', 5, 202211224, '2001000225', '2023-08-28 15:54:54', 2),
(83, 'K00000047', 5, 202211224, '2001000225', '2023-08-28 15:54:54', 2),
(84, 'K00000048', 5, 202211224, '2001000225', '2023-08-28 15:54:54', 2),
(85, 'K00000049', 5, 202211224, '2001000225', '2023-08-28 15:56:11', 2),
(86, 'K00000050', 5, 202211224, '2001000225', '2023-08-28 15:56:12', 2),
(87, 'K00000051', 5, 202211224, '2001000225', '2023-08-28 15:56:12', 2),
(88, 'K00000052', 5, 202211224, '2001000225', '2023-08-28 15:56:12', 2),
(89, 'K00000053', 5, 202211224, '2001000225', '2023-08-28 15:56:12', 2),
(90, 'K00000054', 5, 202211224, '2001000225', '2023-08-28 15:56:12', 2),
(91, 'K00000055', 5, 202211224, '2001000225', '2023-08-28 15:58:46', 2),
(92, 'K00000056', 5, 202211224, '2001000225', '2023-08-28 15:58:46', 2),
(93, 'K00000057', 5, 202211224, '2001000225', '2023-08-28 15:58:46', 2),
(94, 'K00000058', 5, 202211224, '2001000225', '2023-08-28 15:58:46', 2),
(95, 'K00000059', 5, 202211224, '2001000225', '2023-08-28 15:58:46', 2),
(96, 'K00000060', 5, 202211224, '2001000225', '2023-08-28 15:58:46', 2),
(97, 'K00000061', 5, 202211224, '2001000225', '2023-08-28 15:59:19', 2),
(98, 'K00000062', 5, 202211224, '2001000225', '2023-08-28 15:59:19', 2),
(99, 'K00000063', 5, 202211224, '2001000225', '2023-08-28 15:59:19', 2),
(100, 'K00000064', 5, 202211224, '2001000225', '2023-08-28 15:59:19', 2),
(101, 'K00000065', 5, 202211224, '2001000225', '2023-08-28 15:59:19', 2),
(102, 'K00000066', 5, 202211224, '2001000225', '2023-08-28 15:59:19', 2),
(103, 'K00000067', 3, 202211224, '2001000238', '2023-08-28 16:42:47', 2),
(104, 'K00000068', 3, 202211224, '2001000238', '2023-08-28 16:42:47', 2),
(105, 'K00000069', 3, 202211224, '2001000238', '2023-08-28 16:42:47', 2),
(106, 'K00000070', 3, 202211224, '2001000238', '2023-08-28 16:42:47', 2),
(107, 'K00000071', 3, 202211224, '2001000238', '2023-08-28 16:42:47', 2),
(108, 'K00000072', 3, 202211224, '2001000238', '2023-08-28 16:42:47', 2),
(109, 'K00000073', 3, 202211224, '2001000238', '2023-08-28 16:42:51', 2),
(110, 'K00000074', 3, 202211224, '2001000238', '2023-08-28 16:42:51', 2),
(111, 'K00000075', 3, 202211224, '2001000238', '2023-08-28 16:42:51', 2),
(112, 'K00000076', 3, 202211224, '2001000238', '2023-08-28 16:42:51', 2),
(113, 'K00000077', 3, 202211224, '2001000238', '2023-08-28 16:42:52', 2),
(114, 'K00000078', 3, 202211224, '2001000238', '2023-08-28 16:42:52', 2),
(115, 'K00000079', 3, 202211224, '2001000238', '2023-08-28 16:42:55', 2),
(116, 'K00000080', 3, 202211224, '2001000238', '2023-08-28 16:42:55', 2),
(117, 'K00000081', 3, 202211224, '2001000238', '2023-08-28 16:42:55', 2),
(118, 'K00000082', 3, 202211224, '2001000238', '2023-08-28 16:42:55', 2),
(119, 'K00000083', 3, 202211224, '2001000238', '2023-08-28 16:42:55', 2),
(120, 'K00000084', 3, 202211224, '2001000238', '2023-08-28 16:42:55', 2),
(121, 'K00000085', 3, 202211224, '2001000238', '2023-08-28 16:44:03', 2),
(122, 'K00000086', 3, 202211224, '2001000238', '2023-08-28 16:44:03', 2),
(123, 'K00000087', 3, 202211224, '2001000238', '2023-08-28 16:44:03', 2),
(124, 'K00000088', 3, 202211224, '2001000238', '2023-08-28 16:44:03', 2),
(125, 'K00000089', 3, 202211224, '2001000238', '2023-08-28 16:44:03', 2),
(126, 'K00000090', 3, 202211224, '2001000238', '2023-08-28 16:44:04', 2),
(127, 'K00000091', 1, 202211225, '2001000225', '2023-08-31 01:56:14', 2),
(128, 'K00000092', 1, 202211225, '2001000225', '2023-08-31 01:56:15', 2),
(129, 'K00000093', 1, 202211225, '2001000225', '2023-08-31 01:56:15', 2),
(130, 'K00000094', 1, 202211225, '2001000225', '2023-08-31 01:56:15', 2),
(131, 'K00000095', 1, 202211225, '2001000225', '2023-08-31 01:56:15', 2),
(132, 'K00000096', 1, 202211225, '2001000225', '2023-08-31 01:56:15', 2),
(133, 'K00000097', 1, 202211225, '2001000225', '2023-08-31 01:57:09', 2),
(134, 'K00000098', 1, 202211225, '2001000225', '2023-08-31 01:57:09', 2),
(135, 'K00000099', 1, 202211225, '2001000225', '2023-08-31 01:57:09', 2),
(136, 'K00000100', 1, 202211225, '2001000225', '2023-08-31 01:57:10', 2),
(137, 'K00000101', 1, 202211225, '2001000225', '2023-08-31 01:57:10', 2),
(138, 'K00000102', 1, 202211225, '2001000225', '2023-08-31 01:57:10', 2),
(139, 'K00000103', 1, 202211225, '2001000225', '2023-08-31 01:57:14', 2),
(140, 'K00000104', 1, 202211225, '2001000225', '2023-08-31 01:57:14', 2),
(141, 'K00000105', 1, 202211225, '2001000225', '2023-08-31 01:57:14', 2),
(142, 'K00000106', 1, 202211225, '2001000225', '2023-08-31 01:57:14', 2),
(143, 'K00000107', 1, 202211225, '2001000225', '2023-08-31 01:57:14', 2),
(144, 'K00000108', 1, 202211225, '2001000225', '2023-08-31 01:57:14', 2),
(145, 'K00000109', 1, 202211225, '2001000225', '2023-08-31 01:57:17', 2),
(146, 'K00000110', 1, 202211225, '2001000225', '2023-08-31 01:57:17', 2),
(147, 'K00000111', 1, 202211225, '2001000225', '2023-08-31 01:57:17', 2),
(148, 'K00000112', 1, 202211225, '2001000225', '2023-08-31 01:57:17', 2),
(149, 'K00000113', 1, 202211225, '2001000225', '2023-08-31 01:57:17', 2),
(150, 'K00000114', 1, 202211225, '2001000225', '2023-08-31 01:57:17', 2),
(151, 'K00000115', 1, 202211225, '2001000225', '2023-08-31 01:57:21', 2),
(152, 'K00000116', 1, 202211225, '2001000225', '2023-08-31 01:57:21', 2),
(153, 'K00000117', 1, 202211225, '2001000225', '2023-08-31 01:57:21', 2),
(154, 'K00000118', 1, 202211225, '2001000225', '2023-08-31 01:57:21', 2),
(155, 'K00000119', 1, 202211225, '2001000225', '2023-08-31 01:57:21', 2),
(156, 'K00000120', 1, 202211225, '2001000225', '2023-08-31 01:57:21', 2),
(157, 'K00000121', 1, 202211225, '2001000225', '2023-08-31 01:57:24', 2),
(158, 'K00000122', 1, 202211225, '2001000225', '2023-08-31 01:57:24', 2),
(159, 'K00000123', 1, 202211225, '2001000225', '2023-08-31 01:57:24', 2),
(160, 'K00000124', 1, 202211225, '2001000225', '2023-08-31 01:57:24', 2),
(161, 'K00000125', 1, 202211225, '2001000225', '2023-08-31 01:57:24', 2),
(162, 'K00000126', 1, 202211225, '2001000225', '2023-08-31 01:57:24', 2),
(163, 'K00000127', 1, 202211225, '2001000225', '2023-08-31 01:57:27', 2),
(164, 'K00000128', 1, 202211225, '2001000225', '2023-08-31 01:57:27', 2),
(165, 'K00000129', 1, 202211225, '2001000225', '2023-08-31 01:57:27', 2),
(166, 'K00000130', 1, 202211225, '2001000225', '2023-08-31 01:57:27', 2),
(167, 'K00000131', 1, 202211225, '2001000225', '2023-08-31 01:57:28', 2),
(168, 'K00000132', 1, 202211225, '2001000225', '2023-08-31 01:57:28', 2),
(169, 'K00000133', 1, 202211225, '2001000225', '2023-08-31 01:57:31', 2),
(170, 'K00000134', 1, 202211225, '2001000225', '2023-08-31 01:57:31', 2),
(171, 'K00000135', 1, 202211225, '2001000225', '2023-08-31 01:57:31', 2),
(172, 'K00000136', 1, 202211225, '2001000225', '2023-08-31 01:57:31', 2),
(173, 'K00000137', 1, 202211225, '2001000225', '2023-08-31 01:57:31', 2),
(174, 'K00000138', 1, 202211225, '2001000225', '2023-08-31 01:57:31', 2),
(175, 'K00000139', 1, 202211225, '2001000225', '2023-08-31 01:57:34', 2),
(176, 'K00000140', 1, 202211225, '2001000225', '2023-08-31 01:57:34', 2),
(177, 'K00000141', 1, 202211225, '2001000225', '2023-08-31 01:57:34', 2),
(178, 'K00000142', 1, 202211225, '2001000225', '2023-08-31 01:57:34', 2),
(179, 'K00000143', 1, 202211225, '2001000225', '2023-08-31 01:57:34', 2),
(180, 'K00000144', 1, 202211225, '2001000225', '2023-08-31 01:57:34', 2),
(181, 'K00000145', 1, 202211225, '2001000225', '2023-08-31 02:00:13', 2),
(182, 'K00000146', 1, 202211225, '2001000225', '2023-08-31 02:00:13', 2),
(183, 'K00000147', 1, 202211225, '2001000225', '2023-08-31 02:00:14', 2),
(184, 'K00000148', 1, 202211225, '2001000225', '2023-08-31 02:00:14', 2),
(185, 'K00000149', 1, 202211225, '2001000225', '2023-08-31 02:00:14', 2),
(186, 'K00000150', 1, 202211225, '2001000225', '2023-08-31 02:00:14', 2),
(187, 'K00000151', 1, 202211225, '2001000225', '2023-08-31 02:00:20', 2),
(188, 'K00000152', 1, 202211225, '2001000225', '2023-08-31 02:00:21', 2),
(189, 'K00000153', 1, 202211225, '2001000225', '2023-08-31 02:00:21', 2),
(190, 'K00000154', 1, 202211225, '2001000225', '2023-08-31 02:00:21', 2),
(191, 'K00000155', 1, 202211225, '2001000225', '2023-08-31 02:00:21', 2),
(192, 'K00000156', 1, 202211225, '2001000225', '2023-08-31 02:00:21', 2),
(193, 'K00000157', 1, 202211225, '2001000225', '2023-08-31 02:00:25', 2),
(194, 'K00000158', 1, 202211225, '2001000225', '2023-08-31 02:00:26', 2),
(195, 'K00000159', 1, 202211225, '2001000225', '2023-08-31 02:00:26', 2),
(196, 'K00000160', 1, 202211225, '2001000225', '2023-08-31 02:00:26', 2),
(197, 'K00000161', 1, 202211225, '2001000225', '2023-08-31 02:00:26', 2),
(198, 'K00000162', 1, 202211225, '2001000225', '2023-08-31 02:00:26', 2),
(199, 'K00000163', 7, 202211222, '2001000225', '2023-08-31 02:43:21', 2),
(200, 'K00000164', 7, 202211222, '2001000225', '2023-08-31 02:43:21', 2),
(201, 'K00000165', 7, 202211222, '2001000225', '2023-08-31 02:43:21', 2),
(202, 'K00000166', 7, 202211222, '2001000225', '2023-08-31 02:43:21', 2),
(203, 'K00000167', 7, 202211222, '2001000225', '2023-08-31 02:43:21', 2),
(204, 'K00000168', 7, 202211222, '2001000225', '2023-08-31 02:43:21', 2),
(205, 'K00000169', 7, 202211222, '2001000225', '2023-08-31 02:43:25', 2),
(206, 'K00000170', 7, 202211222, '2001000225', '2023-08-31 02:43:25', 2),
(207, 'K00000171', 7, 202211222, '2001000225', '2023-08-31 02:43:25', 2),
(208, 'K00000172', 7, 202211222, '2001000225', '2023-08-31 02:43:25', 2),
(209, 'K00000173', 7, 202211222, '2001000225', '2023-08-31 02:43:25', 2),
(210, 'K00000174', 7, 202211222, '2001000225', '2023-08-31 02:43:25', 2),
(211, 'K00000175', 7, 202211222, '2001000225', '2023-08-31 02:44:13', 2),
(212, 'K00000176', 7, 202211222, '2001000225', '2023-08-31 02:44:13', 2),
(213, 'K00000177', 7, 202211222, '2001000225', '2023-08-31 02:44:13', 2),
(214, 'K00000178', 7, 202211222, '2001000225', '2023-08-31 02:44:13', 2),
(215, 'K00000179', 7, 202211222, '2001000225', '2023-08-31 02:44:13', 2),
(216, 'K00000180', 7, 202211222, '2001000225', '2023-08-31 02:44:13', 2),
(217, 'K00000181', 7, 202211222, '2001000225', '2023-08-31 02:44:16', 2),
(218, 'K00000182', 7, 202211222, '2001000225', '2023-08-31 02:44:17', 2),
(219, 'K00000183', 7, 202211222, '2001000225', '2023-08-31 02:44:17', 2),
(220, 'K00000184', 7, 202211222, '2001000225', '2023-08-31 02:44:17', 2),
(221, 'K00000185', 7, 202211222, '2001000225', '2023-08-31 02:44:17', 2),
(222, 'K00000186', 7, 202211222, '2001000225', '2023-08-31 02:44:17', 2),
(223, 'K00000187', 7, 202211222, '2001000225', '2023-08-31 02:45:20', 2),
(224, 'K00000188', 7, 202211222, '2001000225', '2023-08-31 02:45:20', 2),
(225, 'K00000189', 7, 202211222, '2001000225', '2023-08-31 02:45:20', 2),
(226, 'K00000190', 7, 202211222, '2001000225', '2023-08-31 02:45:20', 2),
(227, 'K00000191', 7, 202211222, '2001000225', '2023-08-31 02:45:20', 2),
(228, 'K00000192', 7, 202211222, '2001000225', '2023-08-31 02:45:20', 2),
(229, 'K00000193', 7, 202211222, '2001000225', '2023-08-31 02:45:23', 2),
(230, 'K00000194', 7, 202211222, '2001000225', '2023-08-31 02:45:24', 2),
(231, 'K00000195', 7, 202211222, '2001000225', '2023-08-31 02:45:24', 2),
(232, 'K00000196', 7, 202211222, '2001000225', '2023-08-31 02:45:24', 2),
(233, 'K00000197', 7, 202211222, '2001000225', '2023-08-31 02:45:24', 2),
(234, 'K00000198', 7, 202211222, '2001000225', '2023-08-31 02:45:24', 2),
(235, 'K00000199', 7, 202211222, '2001000225', '2023-08-31 02:45:27', 2),
(236, 'K00000200', 7, 202211222, '2001000225', '2023-08-31 02:45:27', 2),
(237, 'K00000201', 7, 202211222, '2001000225', '2023-08-31 02:45:27', 2),
(238, 'K00000202', 7, 202211222, '2001000225', '2023-08-31 02:45:27', 2),
(239, 'K00000203', 7, 202211222, '2001000225', '2023-08-31 02:45:27', 2),
(240, 'K00000204', 7, 202211222, '2001000225', '2023-08-31 02:45:27', 2);

-- --------------------------------------------------------

--
-- Struktur dari tabel `tb_losttime`
--

CREATE TABLE `tb_losttime` (
  `id_lost` int(11) NOT NULL,
  `id_product` int(11) NOT NULL,
  `nik` int(11) NOT NULL,
  `kel_shift` varchar(50) NOT NULL,
  `kategori_lt` varchar(100) NOT NULL,
  `tgl_lost` date DEFAULT NULL,
  `jam_mulai` time DEFAULT NULL,
  `jam_selesai` time DEFAULT NULL,
  `sebab_lt` varchar(100) NOT NULL,
  `jenis_lt` varchar(100) NOT NULL,
  `selisih_menit` int(11) DEFAULT NULL,
  `selisih_jam` int(11) DEFAULT NULL
) ENGINE=InnoDB DEFAULT CHARSET=utf8mb4;

--
-- Dumping data untuk tabel `tb_losttime`
--

INSERT INTO `tb_losttime` (`id_lost`, `id_product`, `nik`, `kel_shift`, `kategori_lt`, `tgl_lost`, `jam_mulai`, `jam_selesai`, `sebab_lt`, `jenis_lt`, `selisih_menit`, `selisih_jam`) VALUES
(15, 2001000225, 202211224, '2B', 'LOST TIME PRODUCTION', '2023-08-21', '12:00:24', '13:00:24', 'NaN', 'istirahat', 0, 1),
(16, 2001000225, 202211224, '2B', 'LOST TIME MAINTENANCE', '2023-08-21', '10:25:58', '11:50:58', 'NaN', 'commpressor breakdown / failure', 25, 1),
(17, 2001000225, 202211224, '2B', 'LOST TIME MAINTENANCE', '2023-08-21', '14:30:04', '14:35:04', 'NaN', 'mechanical breakdown / failure', 5, 0),
(18, 2001000225, 202211225, '1A', 'LOST TIME PRODUCTION', '2023-08-22', '12:00:06', '13:00:06', 'Nan', 'istirahat', 0, 1);

-- --------------------------------------------------------

--
-- Struktur dari tabel `tb_product`
--

CREATE TABLE `tb_product` (
  `id_product` varchar(16) NOT NULL,
  `nm_product` varchar(255) NOT NULL
) ENGINE=InnoDB DEFAULT CHARSET=utf8mb4;

--
-- Dumping data untuk tabel `tb_product`
--

INSERT INTO `tb_product` (`id_product`, `nm_product`) VALUES
('2001000211', 'BRIGHT SLVR 12 MIC 30 GSM-1050 SLIT 10 KDS'),
('2001000212', 'BRIGHT SLVR 12 MIC 30 GSM-1075 SLIT 10 KDS'),
('2001000213', 'BRIGHT SLVR 6.5 MIC 30 GSM-1130 SLIT 7 KDS'),
('2001000217', 'DG MATTE GOLD 6.5 MIC 30 GSM SLIT 10 KDS'),
('2001000225', 'DG MATTE GOLD 6.5 MIC 30 GSM SLIT 10 KDS'),
('2001000226', 'DG MATTE GOLD 6.5 MIC 30 GSM SLIT 10 KDS'),
('2001000227', 'DG MATTE GOLD 6.5 MIC 30 GSM SLIT 7 KDS'),
('2001000230', 'BRIGHT RED 9 Mic 30 GSM SLIT 10 KDS'),
('2001000238', 'BRIGHT RED 12 Mic 30 GSM SLIT 7 KDS'),
('2001000239', 'BRIGHT RED 12 Mic 30 GSM SLIT 10 KDS'),
('2001000240', 'DG MATTE GOLD 9.5 MIC 40 GSM SLIT 7 KDS');

-- --------------------------------------------------------

--
-- Struktur dari tabel `tb_report`
--

CREATE TABLE `tb_report` (
  `id_report` int(11) NOT NULL,
  `nm_batch` varchar(255) NOT NULL,
  `material` varchar(25) NOT NULL,
  `mulai_pro` datetime NOT NULL,
  `selesai_pro` datetime NOT NULL,
  `status_pro` varchar(25) NOT NULL,
  `angka` int(11) NOT NULL,
  `kat_defect` varchar(255) NOT NULL
) ENGINE=InnoDB DEFAULT CHARSET=utf8mb4;

--
-- Dumping data untuk tabel `tb_report`
--

INSERT INTO `tb_report` (`id_report`, `nm_batch`, `material`, `mulai_pro`, `selesai_pro`, `status_pro`, `angka`, `kat_defect`) VALUES
(43, 'K00000013', '321-000025', '2023-08-21 07:30:48', '2023-08-21 16:00:48', 'OK', 2, 'Defect'),
(44, 'K00000014', '321-000025', '2023-08-21 07:30:48', '2023-08-21 16:00:48', 'OK', 2, 'Defect'),
(45, 'K00000015', '321-000025', '2023-08-21 07:30:48', '2023-08-21 16:00:48', 'OK', 2, 'Defect'),
(46, 'K00000016', '321-000025', '2023-08-21 07:30:48', '2023-08-21 16:00:48', 'OK', 2, 'Defect'),
(47, 'K00000017', '321-000025', '2023-08-21 07:30:48', '2023-08-21 16:00:48', 'OK', 2, 'Defect'),
(48, 'K00000018', '321-000025', '2023-08-21 07:30:48', '2023-08-21 16:00:48', 'OK', 2, 'Defect'),
(49, 'K00000019', '321-000025', '2023-08-21 07:30:48', '2023-08-21 16:00:48', 'OK', 2, 'Defect'),
(50, 'K00000020', '321-000025', '2023-08-21 07:30:48', '2023-08-21 16:00:48', 'OK', 2, 'Defect'),
(51, 'K00000021', '321-000025', '2023-08-21 07:30:48', '2023-08-21 16:00:48', 'OK', 2, 'Defect'),
(52, 'K00000022', '321-000025', '2023-08-21 07:30:48', '2023-08-21 16:00:48', 'OK', 2, 'Defect'),
(53, 'K00000023', '321-000025', '2023-08-21 07:30:48', '2023-08-21 16:00:48', 'OK', 2, 'Defect'),
(54, 'K00000024', '321-000025', '2023-08-21 07:30:48', '2023-08-21 16:00:48', 'OK', 2, 'Defect'),
(55, 'K00000025', '321-000025', '2023-08-21 08:45:16', '2023-08-21 09:55:16', 'NC', 2, 'Defect'),
(56, 'K00000026', '321-000025', '2023-08-21 08:45:16', '2023-08-21 09:55:16', 'NC', 2, 'Defect'),
(57, 'K00000027', '321-000025', '2023-08-21 08:45:16', '2023-08-21 09:55:16', 'NC', 2, 'Defect'),
(58, 'K00000028', '321-000025', '2023-08-21 08:45:16', '2023-08-21 09:55:16', 'NC', 2, 'Defect'),
(59, 'K00000029', '321-000025', '2023-08-21 08:45:16', '2023-08-21 09:55:16', 'NC', 2, 'Defect'),
(60, 'K00000030', '321-000025', '2023-08-21 08:45:16', '2023-08-21 09:55:16', 'NC', 2, 'Defect'),
(61, 'K00000031', '321-000025', '2023-08-21 07:30:02', '2023-08-21 16:00:02', 'OK', 1, 'Defect'),
(62, 'K00000032', '321-000025', '2023-08-21 07:30:02', '2023-08-21 16:00:02', 'OK', 1, 'Defect'),
(63, 'K00000033', '321-000025', '2023-08-21 07:30:02', '2023-08-21 16:00:02', 'OK', 1, 'Defect'),
(64, 'K00000034', '321-000025', '2023-08-21 07:30:02', '2023-08-21 16:00:02', 'OK', 1, 'Defect'),
(65, 'K00000035', '321-000025', '2023-08-21 07:30:02', '2023-08-21 16:00:02', 'OK', 1, 'Defect'),
(66, 'K00000036', '321-000025', '2023-08-21 07:30:02', '2023-08-21 16:00:02', 'OK', 1, 'Defect'),
(67, 'K00000037', '321-000025', '2023-08-21 07:30:02', '2023-08-21 16:00:02', 'OK', 1, 'Defect'),
(68, 'K00000038', '321-000025', '2023-08-21 07:30:02', '2023-08-21 16:00:02', 'OK', 1, 'Defect'),
(69, 'K00000039', '321-000025', '2023-08-21 07:30:02', '2023-08-21 16:00:02', 'OK', 1, 'Defect'),
(70, 'K00000040', '321-000025', '2023-08-21 07:30:02', '2023-08-21 16:00:02', 'OK', 1, 'Defect'),
(71, 'K00000041', '321-000025', '2023-08-21 07:30:02', '2023-08-21 16:00:02', 'OK', 1, 'Defect'),
(72, 'K00000042', '321-000025', '2023-08-21 07:30:02', '2023-08-21 16:00:02', 'OK', 1, 'Defect'),
(73, 'K00000043', '321-000025', '2023-08-21 07:30:02', '2023-08-21 16:00:02', 'OK', 1, 'Defect'),
(74, 'K00000044', '321-000025', '2023-08-21 07:30:02', '2023-08-21 16:00:02', 'OK', 1, 'Defect'),
(75, 'K00000045', '321-000025', '2023-08-21 07:30:02', '2023-08-21 16:00:02', 'OK', 1, 'Defect'),
(76, 'K00000046', '321-000025', '2023-08-21 07:30:02', '2023-08-21 16:00:02', 'OK', 1, 'Defect'),
(77, 'K00000047', '321-000025', '2023-08-21 07:30:02', '2023-08-21 16:00:02', 'OK', 1, 'Defect'),
(78, 'K00000048', '321-000025', '2023-08-21 07:30:02', '2023-08-21 16:00:02', 'OK', 1, 'Defect'),
(79, 'K00000049', '321-000025', '2023-08-21 14:50:22', '2023-08-21 15:15:22', 'Reject', 1, 'Defect'),
(80, 'K00000050', '321-000025', '2023-08-21 14:50:22', '2023-08-21 15:15:22', 'Reject', 1, 'Defect'),
(81, 'K00000051', '321-000025', '2023-08-21 14:50:22', '2023-08-21 15:15:22', 'Reject', 1, 'Defect'),
(82, 'K00000052', '321-000025', '2023-08-21 14:50:22', '2023-08-21 15:15:22', 'Reject', 1, 'Defect'),
(83, 'K00000053', '321-000025', '2023-08-21 14:50:22', '2023-08-21 15:15:22', 'Reject', 1, 'Defect'),
(84, 'K00000054', '321-000025', '2023-08-21 14:50:22', '2023-08-21 15:15:22', 'Reject', 1, 'Defect'),
(85, 'K00000055', '321-000025', '2023-08-21 15:30:28', '2023-08-21 16:00:28', 'OK', 2, 'Defect'),
(86, 'K00000056', '321-000025', '2023-08-21 15:30:28', '2023-08-21 16:00:28', 'Reject', 2, 'Defect'),
(87, 'K00000057', '321-000025', '2023-08-21 15:30:28', '2023-08-21 16:00:28', 'Reject', 2, 'Defect'),
(88, 'K00000058', '321-000025', '2023-08-21 15:30:28', '2023-08-21 16:00:28', 'Reject', 2, 'Defect'),
(89, 'K00000059', '321-000025', '2023-08-21 15:30:28', '2023-08-21 16:00:28', 'OK', 2, 'Defect'),
(90, 'K00000060', '321-000025', '2023-08-21 15:30:28', '2023-08-21 16:00:28', 'Reject', 2, 'Defect'),
(91, 'K00000061', '321-000025', '2023-08-23 16:41:15', '2023-08-24 16:41:15', 'Reject', 2, 'Defect'),
(92, 'K00000062', '321-000025', '2023-08-23 16:41:06', '2023-08-24 16:41:06', 'OK', 2, 'Defect'),
(93, 'K00000063', '321-000025', '2023-08-23 16:40:56', '2023-08-24 16:40:56', 'NC', 2, 'Marking'),
(94, 'K00000064', '321-000025', '2023-08-23 16:40:42', '2023-08-24 16:40:42', 'Reject', 2, 'Defect'),
(95, 'K00000065', '321-000025', '2023-08-23 16:40:32', '2023-08-24 16:40:32', 'Reject', 2, 'Defect'),
(96, 'K00000066', '321-000025', '2023-08-23 16:39:49', '2023-08-24 16:39:49', 'NC', 2, 'Out Spec'),
(97, 'K00000067', '321-000025', '2023-08-23 07:43:01', '2023-08-23 15:58:01', 'OK', 2, 'Defect'),
(98, 'K00000068', '321-000025', '2023-08-23 07:43:01', '2023-08-23 15:58:01', 'OK', 2, 'Defect'),
(99, 'K00000069', '321-000025', '2023-08-23 07:43:01', '2023-08-23 15:58:01', 'OK', 2, 'Defect'),
(100, 'K00000070', '321-000025', '2023-08-23 07:43:01', '2023-08-23 15:58:01', 'OK', 2, 'Defect'),
(101, 'K00000071', '321-000025', '2023-08-23 07:43:01', '2023-08-23 15:58:01', 'OK', 2, 'Defect'),
(102, 'K00000072', '321-000025', '2023-08-23 07:43:01', '2023-08-23 15:58:01', 'OK', 2, 'Defect'),
(103, 'K00000073', '321-000025', '2023-08-23 07:43:01', '2023-08-23 15:58:01', 'OK', 2, 'Defect'),
(104, 'K00000074', '321-000025', '2023-08-23 07:43:01', '2023-08-23 15:58:01', 'OK', 2, 'Defect'),
(105, 'K00000075', '321-000025', '2023-08-23 07:43:01', '2023-08-23 15:58:01', 'OK', 2, 'Defect'),
(106, 'K00000076', '321-000025', '2023-08-23 07:43:01', '2023-08-23 15:58:01', 'OK', 2, 'Defect'),
(107, 'K00000077', '321-000025', '2023-08-23 07:43:01', '2023-08-23 15:58:01', 'OK', 2, 'Defect'),
(108, 'K00000078', '321-000025', '2023-08-23 07:43:01', '2023-08-23 15:58:01', 'OK', 2, 'Defect'),
(109, 'K00000079', '321-000025', '2023-08-23 07:43:01', '2023-08-23 15:58:01', 'OK', 2, 'Defect'),
(110, 'K00000080', '321-000025', '2023-08-23 07:43:01', '2023-08-23 15:58:01', 'OK', 2, 'Defect'),
(111, 'K00000081', '321-000025', '2023-08-23 07:43:01', '2023-08-23 15:58:01', 'OK', 2, 'Defect'),
(112, 'K00000082', '321-000025', '2023-08-23 07:43:01', '2023-08-23 15:58:01', 'OK', 2, 'Defect'),
(113, 'K00000083', '321-000025', '2023-08-23 07:43:01', '2023-08-23 15:58:01', 'OK', 2, 'Defect'),
(114, 'K00000084', '321-000025', '2023-08-23 07:43:01', '2023-08-23 15:58:01', 'OK', 2, 'Defect'),
(115, 'K00000085', '321-000025', '2023-08-24 10:44:11', '2023-08-24 11:44:11', 'Reject', 2, 'Defect'),
(116, 'K00000086', '321-000025', '2023-08-24 10:44:11', '2023-08-24 11:44:11', 'Reject', 2, 'Defect'),
(117, 'K00000087', '321-000025', '2023-08-24 10:44:11', '2023-08-24 11:44:11', 'Reject', 2, 'Defect'),
(118, 'K00000088', '321-000025', '2023-08-24 10:44:11', '2023-08-24 11:44:11', 'Reject', 2, 'Defect'),
(119, 'K00000089', '321-000025', '2023-08-24 10:44:11', '2023-08-24 11:44:11', 'Reject', 2, 'Defect'),
(120, 'K00000090', '321-000025', '2023-08-24 10:44:11', '2023-08-24 11:44:11', 'Reject', 2, 'Defect'),
(121, 'K00000091', '321-000025', '2023-08-21 13:56:23', '2023-08-21 13:56:23', 'Reject', 2, 'Defect'),
(122, 'K00000092', '321-000025', '2023-08-21 13:56:23', '2023-08-21 13:56:23', 'Reject', 2, 'Defect'),
(123, 'K00000093', '321-000025', '2023-08-21 13:56:23', '2023-08-21 13:56:23', 'Reject', 2, 'Defect'),
(124, 'K00000094', '321-000025', '2023-08-21 13:56:23', '2023-08-21 13:56:23', 'Reject', 2, 'Defect'),
(125, 'K00000095', '321-000025', '2023-08-21 13:56:23', '2023-08-21 13:56:23', 'Reject', 2, 'Defect'),
(126, 'K00000096', '321-000025', '2023-08-21 13:56:23', '2023-08-21 13:56:23', 'Reject', 2, 'Defect'),
(127, 'K00000097', '321-000025', '2023-08-22 07:57:41', '2023-08-22 00:57:41', 'OK', 2, 'Defect'),
(128, 'K00000098', '321-000025', '2023-08-22 07:57:41', '2023-08-22 00:57:41', 'OK', 2, 'Defect'),
(129, 'K00000099', '321-000025', '2023-08-22 07:57:41', '2023-08-22 00:57:41', 'OK', 2, 'Defect'),
(130, 'K00000100', '321-000025', '2023-08-22 07:57:41', '2023-08-22 00:57:41', 'OK', 2, 'Defect'),
(131, 'K00000101', '321-000025', '2023-08-22 07:57:41', '2023-08-22 00:57:41', 'OK', 2, 'Defect'),
(132, 'K00000102', '321-000025', '2023-08-22 07:57:41', '2023-08-22 00:57:41', 'OK', 2, 'Defect'),
(133, 'K00000103', '321-000025', '2023-08-22 07:57:41', '2023-08-22 00:57:41', 'OK', 2, 'Defect'),
(134, 'K00000104', '321-000025', '2023-08-22 07:57:41', '2023-08-22 00:57:41', 'OK', 2, 'Defect'),
(135, 'K00000105', '321-000025', '2023-08-22 07:57:41', '2023-08-22 00:57:41', 'OK', 2, 'Defect'),
(136, 'K00000106', '321-000025', '2023-08-22 07:57:41', '2023-08-22 00:57:41', 'OK', 2, 'Defect'),
(137, 'K00000107', '321-000025', '2023-08-22 07:57:41', '2023-08-22 00:57:41', 'OK', 2, 'Defect'),
(138, 'K00000108', '321-000025', '2023-08-22 07:57:41', '2023-08-22 00:57:41', 'OK', 2, 'Defect'),
(139, 'K00000109', '321-000025', '2023-08-22 07:57:41', '2023-08-22 00:57:41', 'OK', 2, 'Defect'),
(140, 'K00000110', '321-000025', '2023-08-22 07:57:41', '2023-08-22 00:57:41', 'OK', 2, 'Defect'),
(141, 'K00000111', '321-000025', '2023-08-22 07:57:41', '2023-08-22 00:57:41', 'OK', 2, 'Defect'),
(142, 'K00000112', '321-000025', '2023-08-22 07:57:41', '2023-08-22 00:57:41', 'OK', 2, 'Defect'),
(143, 'K00000113', '321-000025', '2023-08-22 07:57:41', '2023-08-22 00:57:41', 'OK', 2, 'Defect'),
(144, 'K00000114', '321-000025', '2023-08-22 07:57:41', '2023-08-22 00:57:41', 'OK', 2, 'Defect'),
(145, 'K00000115', '321-000025', '2023-08-22 07:57:41', '2023-08-22 00:57:41', 'OK', 2, 'Defect'),
(146, 'K00000116', '321-000025', '2023-08-22 07:57:41', '2023-08-22 00:57:41', 'OK', 2, 'Defect'),
(147, 'K00000118', '321-000025', '2023-08-22 07:57:41', '2023-08-22 00:57:41', 'OK', 2, 'Defect'),
(148, 'K00000119', '321-000025', '2023-08-22 07:57:41', '2023-08-22 00:57:41', 'OK', 2, 'Defect'),
(149, 'K00000120', '321-000025', '2023-08-22 07:57:41', '2023-08-22 00:57:41', 'OK', 2, 'Defect'),
(150, 'K00000121', '321-000025', '2023-08-22 07:57:41', '2023-08-22 00:57:41', 'OK', 2, 'Defect'),
(151, 'K00000122', '321-000025', '2023-08-22 07:57:41', '2023-08-22 00:57:41', 'OK', 2, 'Defect'),
(152, 'K00000123', '321-000025', '2023-08-22 07:57:41', '2023-08-22 00:57:41', 'OK', 2, 'Defect'),
(153, 'K00000124', '321-000025', '2023-08-22 07:57:41', '2023-08-22 00:57:41', 'OK', 2, 'Defect'),
(154, 'K00000125', '321-000025', '2023-08-22 07:57:41', '2023-08-22 00:57:41', 'OK', 2, 'Defect'),
(155, 'K00000126', '321-000025', '2023-08-22 07:57:41', '2023-08-22 00:57:41', 'OK', 2, 'Defect'),
(156, 'K00000127', '321-000025', '2023-08-22 07:57:41', '2023-08-22 00:57:41', 'OK', 2, 'Defect'),
(157, 'K00000128', '321-000025', '2023-08-22 07:57:41', '2023-08-22 00:57:41', 'OK', 2, 'Defect'),
(158, 'K00000129', '321-000025', '2023-08-22 07:57:41', '2023-08-22 00:57:41', 'OK', 2, 'Defect'),
(159, 'K00000130', '321-000025', '2023-08-22 07:57:41', '2023-08-22 00:57:41', 'OK', 2, 'Defect'),
(160, 'K00000131', '321-000025', '2023-08-22 07:57:41', '2023-08-22 00:57:41', 'OK', 2, 'Defect'),
(161, 'K00000132', '321-000025', '2023-08-22 07:57:41', '2023-08-22 00:57:41', 'OK', 2, 'Defect'),
(162, 'K00000133', '321-000025', '2023-08-22 07:57:41', '2023-08-22 00:57:41', 'OK', 2, 'Defect'),
(163, 'K00000134', '321-000025', '2023-08-22 07:57:41', '2023-08-22 00:57:41', 'OK', 2, 'Defect'),
(164, 'K00000135', '321-000025', '2023-08-22 07:57:41', '2023-08-22 00:57:41', 'OK', 2, 'Defect'),
(165, 'K00000136', '321-000025', '2023-08-22 07:57:41', '2023-08-22 00:57:41', 'OK', 2, 'Defect'),
(166, 'K00000137', '321-000025', '2023-08-22 07:57:41', '2023-08-22 00:57:41', 'OK', 2, 'Defect'),
(167, 'K00000138', '321-000025', '2023-08-22 07:57:41', '2023-08-22 00:57:41', 'OK', 2, 'Defect'),
(168, 'K00000139', '321-000025', '2023-08-22 07:57:41', '2023-08-22 00:57:41', 'OK', 2, 'Defect'),
(169, 'K00000140', '321-000025', '2023-08-22 07:57:41', '2023-08-22 00:57:41', 'OK', 2, 'Defect'),
(170, 'K00000141', '321-000025', '2023-08-22 07:57:41', '2023-08-22 00:57:41', 'OK', 2, 'Defect'),
(171, 'K00000142', '321-000025', '2023-08-22 07:57:41', '2023-08-22 00:57:41', 'OK', 2, 'Defect'),
(172, 'K00000143', '321-000025', '2023-08-22 07:57:41', '2023-08-22 00:57:41', 'OK', 2, 'Defect'),
(173, 'K00000097', '321-000025', '2023-08-22 07:58:58', '2023-08-22 00:58:58', 'OK', 2, 'Defect'),
(174, 'K00000098', '321-000025', '2023-08-22 07:58:58', '2023-08-22 00:58:58', 'OK', 2, 'Defect'),
(175, 'K00000099', '321-000025', '2023-08-22 07:58:58', '2023-08-22 00:58:58', 'OK', 2, 'Defect'),
(176, 'K00000100', '321-000025', '2023-08-22 07:58:58', '2023-08-22 00:58:58', 'OK', 2, 'Defect'),
(177, 'K00000101', '321-000025', '2023-08-22 07:58:58', '2023-08-22 00:58:58', 'OK', 2, 'Defect'),
(178, 'K00000102', '321-000025', '2023-08-22 07:58:58', '2023-08-22 00:58:58', 'OK', 2, 'Defect'),
(179, 'K00000103', '321-000025', '2023-08-22 07:58:58', '2023-08-22 00:58:58', 'OK', 2, 'Defect'),
(180, 'K00000104', '321-000025', '2023-08-22 07:58:58', '2023-08-22 00:58:58', 'OK', 2, 'Defect'),
(181, 'K00000105', '321-000025', '2023-08-22 07:58:58', '2023-08-22 00:58:58', 'OK', 2, 'Defect'),
(182, 'K00000106', '321-000025', '2023-08-22 07:58:58', '2023-08-22 00:58:58', 'OK', 2, 'Defect'),
(183, 'K00000107', '321-000025', '2023-08-22 07:58:58', '2023-08-22 00:58:58', 'OK', 2, 'Defect'),
(184, 'K00000108', '321-000025', '2023-08-22 07:58:58', '2023-08-22 00:58:58', 'OK', 2, 'Defect'),
(185, 'K00000109', '321-000025', '2023-08-22 07:58:58', '2023-08-22 00:58:58', 'OK', 2, 'Defect'),
(186, 'K00000110', '321-000025', '2023-08-22 07:58:58', '2023-08-22 00:58:58', 'OK', 2, 'Defect'),
(187, 'K00000111', '321-000025', '2023-08-22 07:58:58', '2023-08-22 00:58:58', 'OK', 2, 'Defect'),
(188, 'K00000112', '321-000025', '2023-08-22 07:58:58', '2023-08-22 00:58:58', 'OK', 2, 'Defect'),
(189, 'K00000113', '321-000025', '2023-08-22 07:58:58', '2023-08-22 00:58:58', 'OK', 2, 'Defect'),
(190, 'K00000114', '321-000025', '2023-08-22 07:58:58', '2023-08-22 00:58:58', 'OK', 2, 'Defect'),
(191, 'K00000115', '321-000025', '2023-08-22 07:58:58', '2023-08-22 00:58:58', 'OK', 2, 'Defect'),
(192, 'K00000116', '321-000025', '2023-08-22 07:58:58', '2023-08-22 00:58:58', 'OK', 2, 'Defect'),
(193, 'K00000117', '321-000025', '2023-08-22 07:58:58', '2023-08-22 00:58:58', 'OK', 2, 'Defect'),
(194, 'K00000118', '321-000025', '2023-08-22 07:58:58', '2023-08-22 00:58:58', 'OK', 2, 'Defect'),
(195, 'K00000119', '321-000025', '2023-08-22 07:58:58', '2023-08-22 00:58:58', 'OK', 2, 'Defect'),
(196, 'K00000120', '321-000025', '2023-08-22 07:58:58', '2023-08-22 00:58:58', 'OK', 2, 'Defect'),
(197, 'K00000121', '321-000025', '2023-08-22 07:58:58', '2023-08-22 00:58:58', 'OK', 2, 'Defect'),
(198, 'K00000122', '321-000025', '2023-08-22 07:58:58', '2023-08-22 00:58:58', 'OK', 2, 'Defect'),
(199, 'K00000123', '321-000025', '2023-08-22 07:58:58', '2023-08-22 00:58:58', 'OK', 2, 'Defect'),
(200, 'K00000124', '321-000025', '2023-08-22 07:58:58', '2023-08-22 00:58:58', 'OK', 2, 'Defect'),
(201, 'K00000125', '321-000025', '2023-08-22 07:58:58', '2023-08-22 00:58:58', 'OK', 2, 'Defect'),
(202, 'K00000126', '321-000025', '2023-08-22 07:58:58', '2023-08-22 00:58:58', 'OK', 2, 'Defect'),
(203, 'K00000127', '321-000025', '2023-08-22 07:58:58', '2023-08-22 00:58:58', 'OK', 2, 'Defect'),
(204, 'K00000128', '321-000025', '2023-08-22 07:58:58', '2023-08-22 00:58:58', 'OK', 2, 'Defect'),
(205, 'K00000129', '321-000025', '2023-08-22 07:58:58', '2023-08-22 00:58:58', 'OK', 2, 'Defect'),
(206, 'K00000130', '321-000025', '2023-08-22 07:58:58', '2023-08-22 00:58:58', 'OK', 2, 'Defect'),
(207, 'K00000131', '321-000025', '2023-08-22 07:58:58', '2023-08-22 00:58:58', 'OK', 2, 'Defect'),
(208, 'K00000132', '321-000025', '2023-08-22 07:58:58', '2023-08-22 00:58:58', 'OK', 2, 'Defect'),
(209, 'K00000133', '321-000025', '2023-08-22 07:58:58', '2023-08-22 00:58:58', 'OK', 2, 'Defect'),
(210, 'K00000134', '321-000025', '2023-08-22 07:58:58', '2023-08-22 00:58:58', 'OK', 2, 'Defect'),
(211, 'K00000135', '321-000025', '2023-08-22 07:58:58', '2023-08-22 00:58:58', 'OK', 2, 'Defect'),
(212, 'K00000136', '321-000025', '2023-08-22 07:58:58', '2023-08-22 00:58:58', 'OK', 2, 'Defect'),
(213, 'K00000137', '321-000025', '2023-08-22 07:58:58', '2023-08-22 00:58:58', 'OK', 2, 'Defect'),
(214, 'K00000138', '321-000025', '2023-08-22 07:58:58', '2023-08-22 00:58:58', 'OK', 2, 'Defect'),
(215, 'K00000139', '321-000025', '2023-08-22 07:58:58', '2023-08-22 00:58:58', 'OK', 2, 'Defect'),
(216, 'K00000140', '321-000025', '2023-08-22 07:58:58', '2023-08-22 00:58:58', 'OK', 2, 'Defect'),
(217, 'K00000141', '321-000025', '2023-08-22 07:58:58', '2023-08-22 00:58:58', 'OK', 2, 'Defect'),
(218, 'K00000142', '321-000025', '2023-08-22 07:58:58', '2023-08-22 00:58:58', 'OK', 2, 'Defect'),
(219, 'K00000143', '321-000025', '2023-08-22 07:58:58', '2023-08-22 00:58:58', 'OK', 2, 'Defect'),
(220, 'K00000144', '321-000025', '2023-08-22 07:58:58', '2023-08-22 00:58:58', 'OK', 2, 'Defect'),
(221, 'K00000145', '321-000025', '2023-08-22 13:00:33', '2023-08-22 14:00:33', 'NC', 1, 'Defect'),
(222, 'K00000146', '321-000025', '2023-08-22 13:00:33', '2023-08-22 14:00:33', 'NC', 1, 'Defect'),
(223, 'K00000147', '321-000025', '2023-08-22 13:00:33', '2023-08-22 14:00:33', 'NC', 1, 'Defect'),
(224, 'K00000148', '321-000025', '2023-08-22 13:00:33', '2023-08-22 14:00:33', 'NC', 1, 'Defect'),
(225, 'K00000149', '321-000025', '2023-08-22 13:00:33', '2023-08-22 14:00:33', 'NC', 1, 'Defect'),
(226, 'K00000150', '321-000025', '2023-08-22 13:00:33', '2023-08-22 14:00:33', 'NC', 1, 'Defect'),
(227, 'K00000151', '321-000025', '2023-08-22 13:00:33', '2023-08-22 14:00:33', 'NC', 1, 'Defect'),
(228, 'K00000152', '321-000025', '2023-08-22 13:00:33', '2023-08-22 14:00:33', 'NC', 1, 'Defect'),
(229, 'K00000153', '321-000025', '2023-08-22 13:00:33', '2023-08-22 14:00:33', 'NC', 1, 'Defect'),
(230, 'K00000154', '321-000025', '2023-08-22 13:00:33', '2023-08-22 14:00:33', 'NC', 1, 'Defect'),
(231, 'K00000155', '321-000025', '2023-08-22 13:00:33', '2023-08-22 14:00:33', 'NC', 1, 'Defect'),
(232, 'K00000156', '321-000025', '2023-08-22 13:00:33', '2023-08-22 14:00:33', 'NC', 1, 'Defect'),
(233, 'K00000157', '321-000025', '2023-08-22 13:00:33', '2023-08-22 14:00:33', 'NC', 1, 'Defect'),
(234, 'K00000158', '321-000025', '2023-08-22 13:00:33', '2023-08-22 14:00:33', 'NC', 1, 'Defect'),
(235, 'K00000159', '321-000025', '2023-08-22 13:00:33', '2023-08-22 14:00:33', 'NC', 1, 'Defect'),
(236, 'K00000160', '321-000025', '2023-08-22 13:00:33', '2023-08-22 14:00:33', 'NC', 1, 'Defect'),
(237, 'K00000161', '321-000025', '2023-08-22 13:00:33', '2023-08-22 14:00:33', 'NC', 1, 'Defect'),
(238, 'K00000162', '321-000025', '2023-08-22 13:00:33', '2023-08-22 14:00:33', 'NC', 1, 'Defect'),
(239, 'K00000163', '321-000025', '2023-08-22 02:43:32', '2023-08-22 02:43:32', 'OK', 1, 'Defect'),
(240, 'K00000164', '321-000025', '2023-08-22 02:43:32', '2023-08-22 02:43:32', 'OK', 1, 'Defect'),
(241, 'K00000165', '321-000025', '2023-08-22 02:43:32', '2023-08-22 02:43:32', 'OK', 1, 'Defect'),
(242, 'K00000166', '321-000025', '2023-08-22 02:43:32', '2023-08-22 02:43:32', 'OK', 1, 'Defect'),
(243, 'K00000167', '321-000025', '2023-08-22 02:43:32', '2023-08-22 02:43:32', 'OK', 1, 'Defect'),
(244, 'K00000168', '321-000025', '2023-08-22 02:43:32', '2023-08-22 02:43:32', 'OK', 1, 'Defect'),
(245, 'K00000169', '321-000025', '2023-08-22 02:43:32', '2023-08-22 02:43:32', 'OK', 1, 'Defect'),
(246, 'K00000170', '321-000025', '2023-08-22 02:43:32', '2023-08-22 02:43:32', 'OK', 1, 'Defect'),
(247, 'K00000171', '321-000025', '2023-08-22 02:43:32', '2023-08-22 02:43:32', 'OK', 1, 'Defect'),
(248, 'K00000172', '321-000025', '2023-08-22 02:43:32', '2023-08-22 02:43:32', 'OK', 1, 'Defect'),
(249, 'K00000173', '321-000025', '2023-08-22 02:43:32', '2023-08-22 02:43:32', 'OK', 1, 'Defect'),
(250, 'K00000174', '321-000025', '2023-08-22 02:43:32', '2023-08-22 02:43:32', 'OK', 1, 'Defect'),
(251, 'K00000175', '321-000025', '2023-08-22 02:44:48', '2023-08-22 02:44:48', 'NC', 1, 'Defect'),
(252, 'K00000176', '321-000025', '2023-08-22 02:44:48', '2023-08-22 02:44:48', 'NC', 1, 'Defect'),
(253, 'K00000177', '321-000025', '2023-08-22 02:44:48', '2023-08-22 02:44:48', 'NC', 1, 'Defect'),
(254, 'K00000178', '321-000025', '2023-08-22 02:44:48', '2023-08-22 02:44:48', 'NC', 1, 'Defect'),
(255, 'K00000179', '321-000025', '2023-08-22 02:44:48', '2023-08-22 02:44:48', 'NC', 1, 'Defect'),
(256, 'K00000180', '321-000025', '2023-08-22 02:44:48', '2023-08-22 02:44:48', 'NC', 1, 'Defect'),
(257, 'K00000181', '321-000025', '2023-08-22 02:44:48', '2023-08-22 02:44:48', 'NC', 1, 'Defect'),
(258, 'K00000182', '321-000025', '2023-08-22 02:44:48', '2023-08-22 02:44:48', 'NC', 1, 'Defect'),
(259, 'K00000183', '321-000025', '2023-08-22 02:44:48', '2023-08-22 02:44:48', 'NC', 1, 'Defect'),
(260, 'K00000184', '321-000025', '2023-08-22 02:44:48', '2023-08-22 02:44:48', 'NC', 1, 'Defect'),
(261, 'K00000185', '321-000025', '2023-08-22 02:44:48', '2023-08-22 02:44:48', 'NC', 1, 'Defect'),
(262, 'K00000186', '321-000025', '2023-08-22 02:44:48', '2023-08-22 02:44:48', 'NC', 1, 'Defect'),
(263, 'K00000187', '321-000025', '2023-08-22 02:45:35', '2023-08-22 02:45:35', 'OK', 2, 'Defect'),
(264, 'K00000188', '321-000025', '2023-08-22 02:45:35', '2023-08-22 02:45:35', 'OK', 2, 'Defect'),
(265, 'K00000189', '321-000025', '2023-08-22 02:45:35', '2023-08-22 02:45:35', 'OK', 2, 'Defect'),
(266, 'K00000190', '321-000025', '2023-08-22 02:45:35', '2023-08-22 02:45:35', 'OK', 2, 'Defect'),
(267, 'K00000191', '321-000025', '2023-08-22 02:45:35', '2023-08-22 02:45:35', 'OK', 2, 'Defect'),
(268, 'K00000192', '321-000025', '2023-08-22 02:45:35', '2023-08-22 02:45:35', 'OK', 2, 'Defect'),
(269, 'K00000193', '321-000025', '2023-08-22 02:45:35', '2023-08-22 02:45:35', 'OK', 2, 'Defect'),
(270, 'K00000194', '321-000025', '2023-08-22 02:45:35', '2023-08-22 02:45:35', 'OK', 2, 'Defect'),
(271, 'K00000195', '321-000025', '2023-08-22 02:45:35', '2023-08-22 02:45:35', 'OK', 2, 'Defect'),
(272, 'K00000196', '321-000025', '2023-08-22 02:45:35', '2023-08-22 02:45:35', 'OK', 2, 'Defect'),
(273, 'K00000197', '321-000025', '2023-08-22 02:45:35', '2023-08-22 02:45:35', 'OK', 2, 'Defect'),
(274, 'K00000198', '321-000025', '2023-08-22 02:45:35', '2023-08-22 02:45:35', 'OK', 2, 'Defect'),
(275, 'K00000199', '321-000025', '2023-08-22 02:45:35', '2023-08-22 02:45:35', 'OK', 2, 'Defect'),
(276, 'K00000200', '321-000025', '2023-08-22 02:45:35', '2023-08-22 02:45:35', 'OK', 2, 'Defect'),
(277, 'K00000201', '321-000025', '2023-08-22 02:45:35', '2023-08-22 02:45:35', 'OK', 2, 'Defect'),
(278, 'K00000202', '321-000025', '2023-08-22 02:45:35', '2023-08-22 02:45:35', 'OK', 2, 'Defect'),
(279, 'K00000203', '321-000025', '2023-08-22 02:45:35', '2023-08-22 02:45:35', 'OK', 2, 'Defect'),
(280, 'K00000204', '321-000025', '2023-08-22 02:45:35', '2023-08-22 02:45:35', 'OK', 2, 'Defect');

-- --------------------------------------------------------

--
-- Struktur dari tabel `tb_shift`
--

CREATE TABLE `tb_shift` (
  `id_shift` int(11) NOT NULL,
  `kel_shift` varchar(9) NOT NULL
) ENGINE=InnoDB DEFAULT CHARSET=utf8mb4;

--
-- Dumping data untuk tabel `tb_shift`
--

INSERT INTO `tb_shift` (`id_shift`, `kel_shift`) VALUES
(1, '1A'),
(2, '1B'),
(3, '1C'),
(4, '2A'),
(5, '2B'),
(6, '2C'),
(7, '3A'),
(8, '3B'),
(9, '3C');

-- --------------------------------------------------------

--
-- Struktur dari tabel `tb_user`
--

CREATE TABLE `tb_user` (
  `nik` int(16) NOT NULL,
  `nama` varchar(255) NOT NULL,
  `alamat` varchar(255) NOT NULL
) ENGINE=InnoDB DEFAULT CHARSET=utf8mb4;

--
-- Dumping data untuk tabel `tb_user`
--

INSERT INTO `tb_user` (`nik`, `nama`, `alamat`) VALUES
(202211222, 'Octavia Hurley', '710-1247 Diam. Av.'),
(202211223, 'Hashim Nash', 'Ap #803-3522 Lorem St.'),
(202211224, 'Alexander Stein', '745-2151 Aliquam Av.'),
(202211225, 'Moses Faulkner', 'P.O. Box 958, 6840 Lacus. Street');

-- --------------------------------------------------------

--
-- Struktur dari tabel `tb_vismen`
--

CREATE TABLE `tb_vismen` (
  `id_product` int(27) NOT NULL,
  `nm_product` varchar(191) NOT NULL,
  `panjang_qty` varchar(27) NOT NULL,
  `qty_palet` int(11) NOT NULL,
  `mesin` varchar(30) NOT NULL,
  `start_produksi` datetime NOT NULL,
  `finish_produksi` datetime NOT NULL,
  `est_pengiriman` date NOT NULL
) ENGINE=InnoDB DEFAULT CHARSET=utf8mb4;

--
-- Dumping data untuk tabel `tb_vismen`
--

INSERT INTO `tb_vismen` (`id_product`, `nm_product`, `panjang_qty`, `qty_palet`, `mesin`, `start_produksi`, `finish_produksi`, `est_pengiriman`) VALUES
(2001000217, 'DG MATTE GOLD 6.5 MIC 30 GSM SLIT 10 KDS', '186', 17, 'SLITTING 7', '2023-08-22 15:49:00', '2023-08-25 15:49:00', '2023-08-30'),
(2001000225, 'DG MATTE GOLD 6.5 MIC 30 GSM SLIT 10 KDS', '372', 34, 'SLITTING 10', '2023-08-21 01:43:00', '2023-08-25 15:49:00', '2023-08-31'),
(2001000230, 'BRIGHT RED 9 Mic 30 GSM SLIT 10 KDS', '186', 16, 'SLITTING 7', '2023-08-21 11:27:00', '2023-08-24 11:27:00', '2023-08-31'),
(2001000238, 'BRIGHT RED 12 Mic 30 GSM SLIT 7 KDS', '203', 33, 'SLITTING 7', '2023-08-21 10:59:00', '2023-08-24 11:36:00', '2023-08-21'),
(2001000239, 'BRIGHT RED 12 Mic 30 GSM SLIT 10 KDS', '272', 33, 'SLITTING 10', '2023-08-23 11:00:00', '2023-08-26 11:21:00', '2023-09-01');

--
-- Indexes for dumped tables
--

--
-- Indeks untuk tabel `tb_batch`
--
ALTER TABLE `tb_batch`
  ADD PRIMARY KEY (`id_batch`);

--
-- Indeks untuk tabel `tb_losttime`
--
ALTER TABLE `tb_losttime`
  ADD PRIMARY KEY (`id_lost`);

--
-- Indeks untuk tabel `tb_product`
--
ALTER TABLE `tb_product`
  ADD PRIMARY KEY (`id_product`);

--
-- Indeks untuk tabel `tb_report`
--
ALTER TABLE `tb_report`
  ADD PRIMARY KEY (`id_report`);

--
-- Indeks untuk tabel `tb_shift`
--
ALTER TABLE `tb_shift`
  ADD PRIMARY KEY (`id_shift`);

--
-- Indeks untuk tabel `tb_user`
--
ALTER TABLE `tb_user`
  ADD PRIMARY KEY (`nik`);

--
-- Indeks untuk tabel `tb_vismen`
--
ALTER TABLE `tb_vismen`
  ADD PRIMARY KEY (`id_product`);

--
-- AUTO_INCREMENT untuk tabel yang dibuang
--

--
-- AUTO_INCREMENT untuk tabel `tb_batch`
--
ALTER TABLE `tb_batch`
  MODIFY `id_batch` int(11) NOT NULL AUTO_INCREMENT, AUTO_INCREMENT=241;

--
-- AUTO_INCREMENT untuk tabel `tb_losttime`
--
ALTER TABLE `tb_losttime`
  MODIFY `id_lost` int(11) NOT NULL AUTO_INCREMENT, AUTO_INCREMENT=19;

--
-- AUTO_INCREMENT untuk tabel `tb_report`
--
ALTER TABLE `tb_report`
  MODIFY `id_report` int(11) NOT NULL AUTO_INCREMENT, AUTO_INCREMENT=281;

--
-- AUTO_INCREMENT untuk tabel `tb_shift`
--
ALTER TABLE `tb_shift`
  MODIFY `id_shift` int(11) NOT NULL AUTO_INCREMENT, AUTO_INCREMENT=10;
COMMIT;

/*!40101 SET CHARACTER_SET_CLIENT=@OLD_CHARACTER_SET_CLIENT */;
/*!40101 SET CHARACTER_SET_RESULTS=@OLD_CHARACTER_SET_RESULTS */;
/*!40101 SET COLLATION_CONNECTION=@OLD_COLLATION_CONNECTION */;
